Url Name,Project ID,File ID
energeticsheep,280602,2633449
super-sound-muffler,256343,2477723
snad,241344,2480458
capabilityproxy,266479,2615001
reliquary-v1-3,241319,2624074
recipe-stages,280554,2561297
shadowfacts-forgelin,248453,2640734
ranged-pumps,247496,2441326
emberroot-zoo,273711,2632466
better-advancements,272515,2639772
industrial-foregoing,266515,2637221
placebo,283644,2631823
chargers,290433,2542883
applied-energistics-2,223794,2637256
evilcraft,74610,2633484
plustic,260327,2639352
item-scroller,242064,2581199
sublib,251678,2522690
thutcore,224428,2632806
coloured-tooltips,285684,2623598
ancient-warfare-2,224602,2620445
controlling,250398,2522248
water-strainer,246939,2460195
llibrary,243298,2598753
block-armor,247329,2531670
twerk-sim-2k16,251301,2582663
abyssalcraft,53686,2637037
kjlib,286823,2548316
thirsty-bottles,263498,2632060
just-enough-dimensions,254317,2640387
chococraft,225280,2473983
calculator,225104,2617624
spice-of-life-carrot-edition,277616,2570228
inventory-sorter,240633,2546769
brandons-core,231382,2634275
modular-powersuits,235442,2634338
dung-pipe,273187,2565709
netherportalfix,241160,2612052
immersive-craft,241268,2569368
armoreablemobs,281316,2559481
openmodslib,228815,2623007
hunting-dimension,283235,2623333
unloader,286230,2572528
journeymap,32274,2640111
wanionlib,253043,2638610
rough-mobs,245849,2503394
mekanism,268560,2572881
spartan-shields,252239,2528265
void-island-control,257655,2632434
antique-atlas,227795,2562856
buildcraft,61811,2636565
trashslot,235577,2477077
the-spice-of-life,220811,2571951
binnies-mods,223525,2636899
placeable-items,227951,2543705
morpheus,69118,2432272
wild-crops,268819,2512819
loottabletweaker,261339,2623238
fence-overhaul,246222,2531068
cd4017be-library,229208,2626836
simpleharvest,240783,2475234
enchiridion,76612,2498022
animal-bikes,222718,2608994
inductive-logistics,279053,2626838
pams-cookables,269036,2504109
advanced-rocketry,236542,2638372
gravestone-mod-graves,62929,2634989
tinkers-construct,74072,2630883
better-questing,238856,2640722
mob-stages,278359,2632934
warp-book,71869,2631763
more-player-models,221939,2521602
tumbleweed,245028,2551832
refined-storage,243076,2640593
codechicken-lib-1-8,242818,2618630
storage-drawers-extras,254879,2443623
malisisblocks,237862,2526679
no-recipe-book,284904,2568865
clumps,256717,2576264
perfect-spawn,221418,2543507
steves-carts-reborn,253462,2638264
bedrock-b-gone,255053,2561652
cxlibrary,244023,2463886
roguelike-dungeons,221585,2492586
more-chickens,251786,2545468
pressure-pipes,221214,2490064
tallgates,283913,2512376
ferdinands-flowers,282077,2634217
chunk-animator,236484,2432424
multiblock-stages,284139,2567608
ding,231275,2476271
modular-machinery,270790,2559913
default-options,232131,2624732
thaumic-tinkerer,75598,2596484
thaumcraft-inventory-scanning,238003,2559089
architecturecraft-elytradev,277631,2624386
power-adapters,287606,2623606
better-than-bunnies,241015,2477840
thermalexpansion,69163,2624855
twitchcrumbs,236798,2583018
et-lunar-environmental-tech-addon,253565,2633047
hatchery,251138,2626043
mantle,74924,2630843
decocraft2,79616,2621015
slimyboyos,281993,2500372
wizardry-mod,278155,2613933
ultimate-car-mod,267458,2626135
farseek,229708,2583091
cofh-world,271384,2623091
comforts,276951,2631664
techguns,244201,2518488
terraqueous,244870,2637253
faster-ladder-climbing,258881,2512758
skylandsforge,241789,2557254
eleccore,227391,2510914
valkyrielib,245480,2634513
splashanimation,289953,2627772
aroma1997s-dimensional-world,60092,2623410
dimension-stages,269398,2632930
actually-baubles,273430,2459131
prestige,290734,2636618
ynot,283589,2573281
yabba,255177,2639308
tinkers-addons,245549,2476626
findme,291936,2575609
baublelicious,223951,2532880
road-runner,275156,2468500
bibliocraft,228027,2574880
storage-drawers,223852,2576611
audio-death,225125,2447008
nuclearcraft-mod,226254,2633441
capability-adapter,281657,2575182
autorun,233577,2502492
mystical-agriculture,246640,2604270
birds-nests,250466,2514692
mcmultipart,239431,2615930
quick-leaf-decay,225839,2469364
guide-api,228832,2595566
primitive-mobs,282415,2534684
jaopcaadditions,275025,2558969
advanced-mortars,283777,2626504
modular-routers,250294,2622900
armorplus,237366,2633361
spatialcompat,277136,2525554
biometweaker,228895,2572722
fence-jumper,254652,2591087
extreme-reactors,250277,2568534
aromabackup,225658,2638345
get-ya-tanks-here,226696,2628740
exchangers,270183,2621277
modelloader,277663,2625660
jei-integration,265917,2491927
galacticrafttweaker,286116,2606665
chance-cubes,233113,2635579
rftools,224641,2638497
loottweaker,255257,2618964
sound-filters,222789,2445236
hardcore-questing-mode,77027,2624181
itemzoom,261725,2463740
dynamic-surroundings,238891,2637884
netherex,248039,2607787
stimmedcow-nomorerecipeconflict,238123,2624878
industrial-meat,281525,2499192
creativecore,257814,2624689
ae2-stuff,225194,2491032
advanced-solar-panels,252714,2549303
karat-garden,245831,2507970
openprinter,225127,2556565
level-up,251136,2566572
xnicex,255038,2616394
autoreglib,250363,2605109
top-addons,247111,2639198
immersive-petroleum,268250,2544919
shadowmc,226780,2441500
quadrum,223773,2621559
interaction-wheel,256287,2441962
radixcore,77286,2483855
soul-shards-the-old-ways,226958,2540328
mo-creatures,229260,2628700
buildcraft-builders,231307,2636559
bed-patch,282963,2532663
initial-inventory,253230,2465617
rftools-dimensions,240950,2638502
itemphysic,258587,2629136
aether-legacy,255308,2593131
shear-madness,250109,2629244
megaloot,286487,2580708
corail-tombstone,243707,2636199
modtweaker,220954,2629419
cucumber,272335,2585953
wireless-redstone-cbe,260824,2622045
gobble-core,269863,2518265
iron-chests,228756,2638052
neat,238372,2595310
industrial-craft,242638,2640342
extra-golems,233300,2587981
smooth-font,285742,2627587
compact-solars,228759,2633646
lootbags,225946,2581863
tombmanygraves-2-api,294202,2563073
enderman-evolution,284221,2618843
techreborn,233564,2638257
akashic-tome,250577,2637024
jurassicraft,226719,2628215
jaopca,266936,2640272
streams,229769,2568464
ingame-info-xml,225604,2489566
lunatriuscore,225605,2489549
mob-dismemberment,229067,2487081
googlyeyes,252188,2487836
bnbgaminglib,229587,2631539
sync,229090,2537588
infinitylib,251396,2537265
aquaculture,60028,2629352
creeperhost-minetogether,267172,2607950
natures-compass,252848,2513221
better-sprinting,227409,2531504
good-ol-currency,254346,2630516
lapis-stays-in-the-enchanting-table,263905,2553810
toast-control,271740,2613730
zerocore,247921,2568531
wawla-what-are-we-looking-at,224712,2623234
water-control-extreme,277890,2555574
limelib,250711,2567363
inventory-tweaks,223094,2514356
thermal-foundation,222880,2623991
environmental-materials,278825,2633045
flux-networks,248020,2583454
additional-banners,230137,2623246
magic-bees,65764,2566282
enchantment-descriptions,250419,2623487
ore-prospectors,275086,2581578
default-world-generator-port,241140,2499252
uppers,281274,2558337
project-red-compat,229050,2572420
tinkers-complement,272671,2546782
fancy-block-particles,254441,2632107
oreexcavation-integration,270305,2617198
mekanism-generators,268566,2572883
grimoire-of-gaia,228948,2628946
ex-compressum,241967,2620499
gravestone-mod,238551,2608278
better-foliage,228529,2631951
sonar-core,239418,2617614
chickens,241941,2545467
cookiecore,222908,2525823
integration-foregoing,277938,2610225
persistent-bits,245681,2442831
project-74246,74246,2514803
tough-as-nails,246391,2639924
whoosh,283016,2623891
light-level-overlay-reloaded,226670,2563430
simple-storage-network,268495,2633942
translocators-1-8,247695,2594249
the-weirding-gadget,258914,2518012
torcherino,236794,2627015
chisel,235279,2619468
infinitefluids,247286,2484246
refined-relocation-2,247135,2593124
stats-keeper,258168,2550313
waila-harvestability,79287,2481605
rf-lux,250207,2569389
crafttweaker,239197,2639477
torchmaster,254268,2560361
environmental-tech,245453,2634425
woot,244049,2640087
extra-rails,247665,2441517
engineers-doors,291126,2625854
no-worldgen-5-you,274782,2623496
extended-crafting,268387,2622687
tinkerstages,275343,2632938
kleeslabs,241895,2611981
p455w0rds-library,255232,2616338
fastworkbench,288885,2636769
common-capabilities,247007,2467504
launchgui,228810,2538994
tree-growing-simulator,246764,2452234
astikoor,273771,2570796
no-mob-spawning-on-trees,226779,2563292
autopackager,221457,2633675
hammer-core,247401,2638935
packmode,278398,2567799
simple-void-world,254466,2498115
lucraft-core,230651,2637799
hat-stand,229076,2487075
oc-xnet-driver,285385,2634368
xaeros-minimap,263420,2629820
forgeendertech,244844,2616144
rustic,256141,2640698
item-stages,280316,2639931
just-enough-petroleum,291727,2549332
biome-bundle,241542,2505277
journeymapstages,289753,2623627
modular-forcefield-system,59882,2581227
blur,268324,2460821
project-red-lighting,229046,2572426
compactstorage,223703,2572444
ctm,267602,2629306
weather-storms-tornadoes,237746,2596867
better-questing-triggerer,250193,2546659
hunger-overhaul,224476,2565122
stuff-a-sock-in-it,262137,2623639
cyclic,239286,2640491
ftblib,237167,2640017
signals,245824,2631103
blood-arsenal,228823,2614813
bad-wither-no-cookie-reloaded,261251,2638317
extra-utilities,225561,2632255
immersive-tech,274159,2568579
bookshelf,228525,2634932
contenttweaker,237065,2602932
bnbgamingcore,274341,2625582
project-red-mechanical,229048,2572422
compact-machines,224218,2567196
solar-flux-reborn,246974,2640098
sky-compression,271992,2571322
thedragonlib,248055,2580332
despawning-spawners,274331,2575608
better-with-addons,268326,2620239
oc-sensors,269054,2525195
xtones,257573,2531411
forgiving-void,271009,2624339
malisiscore,223896,2526670
veinminer,67133,2528295
creeper-confetti,222548,2506542
the-beneath,254629,2573626
climate-control-geographicraft,76544,2497541
unidict,244258,2627050
just-a-few-fish,235261,2448283
dirt2path,264684,2606175
betterfps,229876,2483393
tesla,244651,2487959
vics-modern-warfare-mod,243788,2605335
applecore,224472,2605923
fairy-lights,233342,2618848
carry-on,274259,2639993
vampirism-become-a-vampire,233029,2625653
astral-sorcery,241721,2633561
improvedbackpacks,270457,2575685
mystagrad-cloche-compat,288959,2535057
withercrumbs,242890,2599693
ftb-utilities,237102,2640441
redstone-flux,270789,2623090
redstone-paste,67508,2477676
excore,233180,2537906
custom-main-menu,226406,2638282
matteroverdrive,229694,2634240
chicken-chunks-1-8,243883,2594241
extra-alchemy,247357,2623984
silent-lib,242998,2638279
to-the-bat-poles,272190,2617578
not-enough-wands,235595,2616395
wearable-backpacks,257572,2576699
holoinventory,78608,2577310
thermal-innovation,291737,2623101
helpfixer,223797,2479308
farming-for-blockheads,261924,2620507
edible-bugs,246129,2497196
advanced-generators,223622,2516219
item-blacklist,237226,2614312
recurrent-complex,223150,2516761
all-the-mods-expert-tweaks,273774,2607894
thaumic-jei,285492,2637182
opensecurity,231687,2593840
tipthescales,282313,2519158
mouse-tweaks,60089,2632649
ender-compass,223106,2595437
missing-pieces,236199,2490951
primalchests,275137,2542889
ceramics,250617,2636666
avaritia-1-10,261348,2580014
hardcore-darkness,225957,2499443
plants,257229,2605759
attributefix,280510,2623602
sky-resources,243482,2607034
pneumaticcraft-repressurized,281849,2635457
mjrlegendslib,284331,2624411
long-fall-boots,254032,2595728
fast-leaf-decay,230976,2463272
dark-utilities,242195,2639955
silents-gems,220311,2639410
waystones,245755,2624701
block-drops-jei-addon,244181,2509046
traverse,267769,2613657
aroma1997core,223735,2623412
soot,281528,2613321
more-bees,250226,2574459
resource-loader,226447,2477566
primal-tech,290612,2567687
d3core,223569,2531936
ore-excavation,250898,2611347
better-questing-standard-expansion,238857,2606083
custom-backgrounds,225928,2445809
discordsuite,282743,2577684
wolf-armor-and-storage,253689,2567472
in-game-wiki-mod,223815,2551739
horse-power,270466,2603890
headcrumbs,222838,2619435
justthetips,275356,2468740
forge-multipart-cbe,258426,2626992
platforms,244786,2616061
better-builders-wands,238403,2580273
roost,277711,2635449
the-camping-mod,228460,2569056
mowzies-mobs,250498,2578089
gendustry,70492,2516215
in-control,257356,2623390
foamfix-for-minecraft,278494,2638380
just-enough-harvestcraft,267939,2637650
minecolonies,245506,2640131
ftb-guides,285183,2639737
oldjavawarning,293496,2630863
constructs-armory,287683,2631600
zombie-awareness,237754,2564634
iron-jetpacks,284497,2561051
more-shearables,241805,2575252
redstone-arsenal,70631,2624342
clipboard,252676,2441510
wings-horns-hooves-the-ultimate-unicorn-mod,231366,2556603
mercurius,242838,2481890
primalcore,247907,2638197
simply-jetpacks-2,251792,2635221
chameleon,230497,2450900
more-furnaces,78320,2627678
its-the-little-things,232791,2432201
refined-storage-addons,272302,2632402
crafting-tweaks,233071,2562139
extracells2,229218,2622737
forge-backpacks,59143,2554237
magneticraft,224808,2626419
simply-arrows,286170,2624741
the-erebus,220698,2615164
a-block-of-charcoal,251079,2574220
ender-zoo,225247,2484148
game-stages,268655,2632025
clay-bucket,242568,2463480
moar-tinkers,263624,2579934
voxelmap,225179,2571232
just-enough-resources-jer,240630,2603567
pams-harvestcraft,221857,2628183
funky-locomotion,224190,2599318
corail-pillar,266228,2631798
pokecube-revival,224362,2625447
pams-simple-recipes,221915,2520943
together-forever,285968,2604100
abyssalcraft-integration,234851,2609482
open-glider,252354,2464501
endertanks,59613,2556962
buildcraft-silicon,231311,2636562
gear-swapper,236610,2616390
mputils-basic-tools,245889,2633211
morph,229080,2510763
project-red-base,228702,2572423
mrtjpcore,229002,2572409
psi,241665,2640545
statues,253172,2627924
nonausea,226035,2432422
client-tweaks,251407,2624712
tiny-progressions,250850,2618890
actually-additions,228404,2628666
ender-utilities,224320,2634473
natura,74120,2593539
scannable,266784,2608542
eternal-singularity,253077,2531535
tinkers-skyblock,278611,2630886
cosmetic-armor-reworked,237307,2595679
triumph,235492,2625583
mekanism-tools,268567,2572884
ptrlib,291499,2621013
more-overlays,243478,2589773
atomicstrykers-battle-towers,227877,2638085
ai-improvements,233019,2450734
jei,238222,2640458
realistic-item-drops,245620,2630384
tomb-many-graves-2,262823,2619249
deep-resonance,233398,2638501
tails,223584,2445532
ore-stages,290201,2640414
swingthroughgrass,264353,2508268
magical-crops-core,232150,2622466
random-things,59816,2639998
roots,246183,2510836
simple-teleporters,241588,2512726
mystical-agradditions,256247,2547522
clarity,252145,2507721
integrated-tunnels,251389,2563914
atomicstrykers-infernal-mobs,227875,2510286
the-lost-cities,269024,2623319
scaling-health,248027,2635150
thermal-cultivation,271835,2623100
chest-transporter,78778,2524058
bonsai-trees,278993,2627691
everlastingabilities,248353,2614985
chisels-bits,231095,2637047
login-shield,233255,2560971
quantumstorage,235121,2610377
biomes-o-plenty,220318,2624239
yoyos,262692,2536187
rftools-power,290209,2578676
minetweaker-recipemaker,226294,2497436
randomtweaks,258205,2634551
just-a-raft-mod,274350,2550876
backpacks,223957,2618299
mod-name-tooltip,238747,2486868
prefab,246550,2620213
useful-nullifiers,247408,2588336
cofhcore,69162,2623990
deathquotes-death-quotes,253947,2435092
no-night-vision-flashing,291926,2550651
schematica,225603,2554100
engineers-workshop,254916,2512032
craftstudio-api,268704,2480954
death-compass,290702,2555077
tinkers-compendium,226910,2635845
integrated-dynamics,236307,2634306
career-bees,281791,2534481
thuts-elevators,224375,2617947
actuallycomputers,253005,2465255
equivalent-energistics,231853,2627812
thaumcraft,223628,2629023
waddles,251767,2553465
cooking-for-blockheads,231484,2620498
caliper,266824,2623648
cyclops-core,232758,2634310
angel-ring-to-bauble,256224,2518561
grue,235133,2450761
appleskin,248787,2496585
base,246996,2595869
mundane-redstone-ore,273930,2485542
viescraft-airships,246795,2563103
inventory-pets,229380,2601022
reauth,237701,2560638
town-builder,228310,2618163
baubles,227083,2518667
chatflow,231453,2436360
animania,261199,2640306
similsax-transtructors,233659,2443577
epic-siege-mod,229449,2616718
pickle-tweaks,238761,2602135
doot,279311,2549462
concrete-mod,261793,2585558
buildcraft-core,231305,2636558
mo-bends,231347,2456231
baileys-dailies,250529,2523152
notenoughids,235107,2625059
additional-compression,255221,2626212
hats,229073,2487838
hopper-ducts,72210,2454832
portal-gun,229084,2537577
base-metals,240967,2618175
quark,243121,2620164
thermal-dynamics,227443,2624182
tinker-i-o,229503,2629659
libvulpes,236541,2633668
dank-null,272514,2624277
furnus,239336,2626153
informational-accessories,278063,2623209
baby-mobs,238285,2483680
gravity-gun,229072,2487073
mmd-orespawn,245586,2616297
mputils,244940,2531404
garden-stuff,225903,2530535
agricraft,225635,2609648
progression-tweaks,284648,2542709
fullscreen-windowed-borderless-for-minecraft,227441,2456007
additional-resources,225124,2447369
openmodularturrets,224663,2608988
mrcrayfish-furniture-mod,55438,2639235
morph-o-tool,245287,2637026
randompatches,285612,2639685
bdlib,70496,2518031
surge,250290,2623344
angry-pixel-the-betweenlands-mod,243363,2635610
advanced-hook-launchers,244849,2582126
custom-npcs,221826,2608992
ichunutil,229060,2510760
grappling-hook-mod,238911,2604993
davincis-vessels,228029,2499846
building-gadgets,298187,2637387
bloodmoon,226321,2537917
fat-cat,290703,2544227
blood-magic,224791,2610083
compacter,231549,2490045
blockcraftery,278882,2633665
project-red-fabrication,230111,2572424
librarianlib,252910,2613851
rftools-control,250763,2638503
hwyla,253449,2568751
redstonic,227716,2625044
multistorage,244864,2616063
secretroomsmod,59652,2561617
omlib,254334,2608899
immersive-cables,283992,2595013
tree-chopper,250241,2492770
botania-garden-of-glass,232502,2391198
the-one-probe,245211,2629328
not-enough-items-1-8,247694,2626087
mapwriter-2,231387,2510933
vending-block,243315,2614896
wireless-crafting-terminal,244559,2619932
botania,225643,2630989
colossal-chests,237875,2553824
overloaded,264601,2607769
ivtoolkit,224535,2443253
deconstruction-table,224610,2629924
waila-stages,269452,2623611
dimensional-control,229588,2595271
betterbedrockgen,223275,2458763
mtlib,253211,2567171
extra-bit-manipulation,240959,2630081
coroutil,237749,2639419
silents-gems-extra-parts,245281,2630017
mysticallib,277064,2633662
better-questing-quest-book,242106,2539562
lockdown,244019,2477270
flat-colored-blocks,238590,2483466
end-metals,245445,2618212
earthworks,255427,2486190
mo-villages,243205,2484281
magma-monsters,262292,2463637
xnet,260912,2632185
ruins-structure-spawning-system,227873,2638826
minemenu,222378,2497593
draconic-evolution,223565,2634323
sbm-wooden-shears,250880,2443174
dynamic-lights,227874,2563244
packing-tape,238659,2543435
bed-bugs,254508,2443328
computercraft,67504,2478952
better-title-screen,224223,2481601
project-red-integration,229045,2572427
rebornstorage,256662,2601717
industrial-wires,251121,2639223
animalium,263442,2557900
geolosys,271856,2633776
villager-trade-tables,260621,2441265
tinkers-tool-leveling,250957,2630860
immersive-engineering,231951,2625312
oreberries,275408,2578045
torohealth-damage-indicators,245733,2483817
ex-nihilo-creatio,274456,2618773
diet-hoppers,278385,2482543
better-than-llamas,264161,2477842
simple-generators,246010,2634512
reborncore,237903,2638260
mystcraft,224599,2630925
jei-bees,248370,2490058
buildcraft-transport,231312,2636563
minicoal,252291,2549326
buildcraft-robotics,231313,2636564
tesla-core-lib,254602,2580052
eiramoticons,230849,2489632
moo-fluids,74254,2496365
mob-grinding-utils,254241,2602562
wither-skeleton-tweaks,255902,2636247
player-skin-mob,281132,2549655
mmmmmmmmmmmm,225738,2503041
better-with-mods,246760,2638762
tough-expansion,257225,2556034
opencomputers,223008,2638675
openblocks-elevator,250832,2540767
ender-io,64578,2632831
ender-storage-1-8,245174,2594243
quantumflux,228609,2597849
buildcraft-factory,231309,2636561
buildcraft-compat,233140,2622217
meecreeps,281390,2606201
project-red-world,229049,2572421
nether-metals,243277,2618208
rope-bridge,238050,2465994
movingworld,230495,2485041
security-craft,64760,2630800
simple-corn,246761,2557828
simply-conveyors-more,245710,2449933
malisisdoors,223891,2526674
enchanting-plus,59413,2632462
totemic,237541,2603046
iron-backpacks,227049,2564573
mcjtylib,233105,2638496
wrapup,275153,2486198
engineers-workshop-reborn,282354,2568639
hardcore-map-reset,222536,2639766
openblocks,228816,2620052
endercore,231868,2632476
angry-pixel-the-betweenlands-mod,243363,2635610
the-camping-mod,228460,2569056
extra-alchemy,247357,2623984
integrated-rest,284332,2522291
equivalent-energistics,231853,2627812
inspirations,284007,2625841
camera-obscura,291501,2550129
technomancy-2,289442,2583502
underground-biomes,293268,2578006
practical-logistics-2,263048,2640735
mrcrayfishs-jumping-castle-mod,285698,2521847
teletoro,250345,2523156
simulated-nights,255512,2453023
improvable-skills,252902,2634967
zaraklib,302659,2633432
reskillable,286382,2627884
good-ol-currency,254346,2630516
techguns,244201,2518488
automated-redstone,229507,2626194
simple-underground-biomes,299931,2599669
lucraft-core,230651,2637799
compositegear,282717,2640308
taiga-tinkers-alloying-addon,247661,2626416
birds-foods,255255,2517254
dab-mod,258582,
improved-extraction,265751,2508712
roots-classic,295780,2599281
cofh-vanilla-satchels,295043,2623119
dynamictrees,252818,2640691
rockhounding-mod-ore-tiers,251992,2572013
random-loot-mod,301631,2629860
enderpay,261270,2517377
compatskills,290541,2635480
bionisation-3,288950,2596930
ic2-classic,242942,2635863
v0ids-smart-backpacks,302555,2618300
multibags,302657,2633435
thaumic-additions,232564,2630157
mrcrayfishs-vehicle-mod,286660,2638022
asmodeuscore,303101,2634358
potioncraft,285234,2536332
patchouli,306770,2639636
pizzacraft,292056,2636991
rockhounding-mod-surface,256072,2610513
mrcrayfishs-device-mod,283055,2564790
potion-core,242872,2529753
quality-tools,264756,2530833
botania-tweaks,295114,2637143
largefluidtank,291006,2638822
vanillafoodpantry-mod,238170,2629420
tetra,289712,2631921
hungry-mechanics,265223,2577272
simpleoregen,243158,
rockhounding-mod-rocks,262396,2621802
player-weight-mod,292640,2583797
speedster-heroes,252318,2634081
thaumic-bases-unofficial,293406,2629195
refraction,253578,2616230
hungryanimals,245084,2577271
black-hole-storage,261061,2615877
random-psideas,302313,2638400
from-the-ground-up,250717,2637858
croparia,250235,2631864
tinkers-aether,296633,2611053
rockhounding-mod-core,271298,2608429
embers-rekindled,300777,2624086
autoverse,245194,2574018
ender-rift,233780,2463763
industrial-renewal,299849,2629176
simply-platinum,262530,2556124
natures-aura,306626,2639264
hooked,297209,2607310
equivalent-additions,303583,2621354
torcherino,236794,2627015
pams-weee-flowers,221910,2520678
ftb-quests,289412,2640528
charcoal-pit,264111,2615892
kitsus-forgecraft,226013,2633241
abyssalcraft-heads,229609,2597266
rockhounding-mod-chemistry,251974,2616471
immersive-railroading,277736,2637007
additional-enchanted-miner,282837,2633719
moar-boats,285865,2636389
galaxy-space-addon-for-galacticraft,238770,2634018
immersivemusic,290715,2564081
ezwastelands,237662,2515894
scavenge,282988,2598021
floodlights,224728,2619116
tinkers-arsenal,301455,2625885
chunkpregenerator,267193,2631708
